{"cameraMode":{"drawMode":0,"name":"Shaded","section":"Shading Mode"},"sceneLighting":false,"audioPlay":false,"sceneViewState":{"showFog":true,"showMaterialUpdate":false,"showSkybox":false,"showFlares":true,"showImageEffects":true,"showParticleSystems":true},"in2DMode":false,"pivot":{"x":0.0,"y":1.5000007152557374,"z":2.384185791015625e-7},"rotation":{"x":0.31918999552726748,"y":0.011371585540473462,"z":-0.003830061759799719,"w":0.9476165771484375},"size":14.000720977783204,"orthographic":true}