{"cameraMode":{"drawMode":0,"name":"Shaded","section":"Shading Mode"},"sceneLighting":true,"audioPlay":false,"sceneViewState":{"showFog":true,"showMaterialUpdate":false,"showSkybox":false,"showFlares":true,"showImageEffects":true,"showParticleSystems":true},"in2DMode":false,"pivot":{"x":6.243513107299805,"y":1.8534592390060425,"z":1.1920928955078126e-7},"rotation":{"x":0.14456088840961457,"y":0.5266937017440796,"z":-0.09143983572721482,"w":0.8326702117919922},"size":6.9139556884765629,"orthographic":false}