{"cameraMode":{"drawMode":0,"name":"Shaded","section":"Shading Mode"},"sceneLighting":true,"audioPlay":false,"sceneViewState":{"showFog":true,"showMaterialUpdate":false,"showSkybox":true,"showFlares":true,"showImageEffects":true,"showParticleSystems":true},"in2DMode":false,"pivot":{"x":49.29477310180664,"y":-22.417236328125,"z":-11.361137390136719},"rotation":{"x":0.5671536326408386,"y":-0.14628882706165315,"z":0.10320498049259186,"w":0.8039193153381348},"size":127.8814697265625,"orthographic":false}