{"cameraMode":{"drawMode":0,"name":"Shaded","section":"Shading Mode"},"sceneLighting":true,"audioPlay":false,"sceneViewState":{"showFog":true,"showMaterialUpdate":false,"showSkybox":true,"showFlares":true,"showImageEffects":true,"showParticleSystems":true},"in2DMode":false,"pivot":{"x":-1.283964991569519,"y":5.221118927001953,"z":-67.52398681640625},"rotation":{"x":0.2440495491027832,"y":-0.3225705325603485,"z":0.08646661788225174,"w":0.9104456901550293},"size":59.67387390136719,"orthographic":false}