{"cameraMode":{"drawMode":0,"name":"Shaded","section":"Shading Mode"},"sceneLighting":false,"audioPlay":false,"sceneViewState":{"showFog":true,"showMaterialUpdate":false,"showSkybox":false,"showFlares":true,"showImageEffects":true,"showParticleSystems":true},"in2DMode":false,"pivot":{"x":0.9030110836029053,"y":-0.033448219299316409,"z":1.3334885835647584},"rotation":{"x":0.00015914112736936659,"y":0.9986264705657959,"z":-0.052476055920124057,"w":0.002994729671627283},"size":6.191343307495117,"orthographic":true}