{"cameraMode":{"drawMode":0,"name":"Shaded","section":"Shading Mode"},"sceneLighting":true,"audioPlay":false,"sceneViewState":{"showFog":true,"showMaterialUpdate":false,"showSkybox":false,"showFlares":true,"showImageEffects":true,"showParticleSystems":true},"in2DMode":false,"pivot":{"x":24.522510528564454,"y":3.819999933242798,"z":17.579998016357423},"rotation":{"x":0.14456088840961457,"y":0.5266937017440796,"z":-0.09143983572721482,"w":0.8326702117919922},"size":6.824082851409912,"orthographic":false}