{"cameraMode":{"drawMode":0,"name":"Shaded","section":"Shading Mode"},"sceneLighting":false,"audioPlay":false,"sceneViewState":{"showFog":true,"showMaterialUpdate":false,"showSkybox":false,"showFlares":true,"showImageEffects":true,"showParticleSystems":true},"in2DMode":false,"pivot":{"x":24.52245330810547,"y":3.8333911895751955,"z":4.284788131713867},"rotation":{"x":0.0001803190098144114,"y":0.9998090863227844,"z":0.01110027264803648,"w":-0.016202906146645547},"size":17.725862503051759,"orthographic":false}