{"cameraMode":{"drawMode":0,"name":"Shaded","section":"Shading Mode"},"sceneLighting":false,"audioPlay":false,"sceneViewState":{"showFog":true,"showMaterialUpdate":false,"showSkybox":false,"showFlares":true,"showImageEffects":true,"showParticleSystems":true},"in2DMode":false,"pivot":{"x":-4.954001426696777,"y":3.315476417541504,"z":-7.1157684326171879},"rotation":{"x":0.012013920582830906,"y":0.9876052737236023,"z":-0.12359615415334702,"w":0.0959978699684143},"size":24.934511184692384,"orthographic":false}