{"cameraMode":{"drawMode":0,"name":"Shaded","section":"Shading Mode"},"sceneLighting":true,"audioPlay":false,"sceneViewState":{"showFog":true,"showMaterialUpdate":false,"showSkybox":true,"showFlares":true,"showImageEffects":true,"showParticleSystems":true},"in2DMode":false,"pivot":{"x":-24.41274642944336,"y":-300.8999328613281,"z":302.2357177734375},"rotation":{"x":0.4099038243293762,"y":0.013680905103683472,"z":-0.00614883191883564,"w":0.9120098352432251},"size":552.0219116210938,"orthographic":false}