{"cameraMode":{"drawMode":0,"name":"Shaded","section":"Shading Mode"},"sceneLighting":true,"audioPlay":false,"sceneViewState":{"showFog":true,"showMaterialUpdate":false,"showSkybox":true,"showFlares":true,"showImageEffects":true,"showParticleSystems":true},"in2DMode":false,"pivot":{"x":101.04283142089844,"y":-3.9322962760925295,"z":98.2851333618164},"rotation":{"x":0.37244176864624026,"y":0.03339917212724686,"z":-0.013413914479315281,"w":0.9273589253425598},"size":53.29254913330078,"orthographic":false}