{"cameraMode":{"drawMode":0,"name":"Shaded","section":"Shading Mode"},"sceneLighting":false,"audioPlay":false,"sceneViewState":{"showFog":true,"showMaterialUpdate":false,"showSkybox":false,"showFlares":true,"showImageEffects":true,"showParticleSystems":true},"in2DMode":false,"pivot":{"x":-2.613878011703491,"y":-5.077404499053955,"z":-5.281632900238037},"rotation":{"x":-0.07745476067066193,"y":-0.901264488697052,"z":0.38604971766471865,"w":-0.18082313239574433},"size":18.161874771118165,"orthographic":false}