{"cameraMode":{"drawMode":0,"name":"Shaded","section":"Shading Mode"},"sceneLighting":true,"audioPlay":false,"sceneViewState":{"showFog":true,"showMaterialUpdate":false,"showSkybox":true,"showFlares":true,"showImageEffects":true,"showParticleSystems":true},"in2DMode":false,"pivot":{"x":72.11199188232422,"y":-16.38727378845215,"z":120.06587219238281},"rotation":{"x":0.34499481320381167,"y":-0.07450858503580094,"z":0.02748505212366581,"w":0.9352391958236694},"size":83.5048828125,"orthographic":false}