{"cameraMode":{"drawMode":0,"name":"Shaded","section":"Shading Mode"},"sceneLighting":false,"audioPlay":false,"sceneViewState":{"showFog":true,"showMaterialUpdate":false,"showSkybox":false,"showFlares":true,"showImageEffects":true,"showParticleSystems":true},"in2DMode":false,"pivot":{"x":-1.489152431488037,"y":6.754717826843262,"z":-2.2750906944274904},"rotation":{"x":0.008011662401258946,"y":0.9916422367095947,"z":-0.0769047960639,"w":0.1032990887761116},"size":22.201372146606447,"orthographic":false}