{"cameraMode":{"drawMode":0,"name":"Shaded","section":"Shading Mode"},"sceneLighting":false,"audioPlay":false,"sceneViewState":{"showFog":true,"showMaterialUpdate":false,"showSkybox":false,"showFlares":true,"showImageEffects":true,"showParticleSystems":true},"in2DMode":false,"pivot":{"x":1.1940433979034424,"y":1.4597206115722657,"z":0.8730370402336121},"rotation":{"x":0.03269033133983612,"y":0.9357398152351379,"z":-0.09010694175958634,"w":0.33945074677467348},"size":10.429835319519043,"orthographic":true}