{"cameraMode":{"drawMode":0,"name":"Shaded","section":"Shading Mode"},"sceneLighting":true,"audioPlay":false,"sceneViewState":{"showFog":true,"showMaterialUpdate":false,"showSkybox":true,"showFlares":true,"showImageEffects":true,"showParticleSystems":true},"in2DMode":false,"pivot":{"x":-7.564672946929932,"y":18.576858520507814,"z":-56.89671325683594},"rotation":{"x":0.2171853631734848,"y":-0.26127296686172488,"z":0.06045865640044212,"w":0.9385689496994019},"size":59.67387390136719,"orthographic":false}