{"cameraMode":{"drawMode":0,"name":"Shaded","section":"Shading Mode"},"sceneLighting":false,"audioPlay":false,"sceneViewState":{"showFog":true,"showMaterialUpdate":false,"showSkybox":false,"showFlares":true,"showImageEffects":true,"showParticleSystems":true},"in2DMode":false,"pivot":{"x":-1.309598445892334,"y":-0.2942257523536682,"z":-0.13871516287326814},"rotation":{"x":-0.03994790464639664,"y":-0.9302436113357544,"z":0.34887072443962099,"w":-0.10651261359453201},"size":11.258480072021485,"orthographic":false}