{"cameraMode":{"drawMode":0,"name":"Shaded","section":"Shading Mode"},"sceneLighting":true,"audioPlay":false,"sceneViewState":{"showFog":true,"showMaterialUpdate":false,"showSkybox":true,"showFlares":true,"showImageEffects":true,"showParticleSystems":true},"in2DMode":false,"pivot":{"x":-152.8889617919922,"y":-223.21778869628907,"z":-53.7974967956543},"rotation":{"x":-0.2309066504240036,"y":0.7334261536598206,"z":-0.2999345362186432,"w":-0.5646318793296814},"size":537.2257080078125,"orthographic":false}