{"cameraMode":{"drawMode":0,"name":"Shaded","section":"Shading Mode"},"sceneLighting":false,"audioPlay":false,"sceneViewState":{"showFog":true,"showMaterialUpdate":false,"showSkybox":false,"showFlares":true,"showImageEffects":true,"showParticleSystems":true},"in2DMode":false,"pivot":{"x":23.360509872436525,"y":-1.305633306503296,"z":-1.7631785869598389},"rotation":{"x":0.3697875440120697,"y":-0.08345376700162888,"z":0.03337102755904198,"w":0.9247587323188782},"size":5.524754524230957,"orthographic":false}