{"cameraMode":{"drawMode":0,"name":"Shaded","section":"Shading Mode"},"sceneLighting":false,"audioPlay":false,"sceneViewState":{"showFog":true,"showMaterialUpdate":false,"showSkybox":false,"showFlares":true,"showImageEffects":true,"showParticleSystems":true},"in2DMode":false,"pivot":{"x":-2.727255344390869,"y":6.087730407714844,"z":2.672839641571045},"rotation":{"x":0.3373933434486389,"y":0.035289496183395389,"z":-0.012658168561756611,"w":0.9406180381774902},"size":15.27392864227295,"orthographic":false}