{"cameraMode":{"drawMode":0,"name":"Shaded","section":"Shading Mode"},"sceneLighting":false,"audioPlay":false,"sceneViewState":{"showFog":true,"showMaterialUpdate":false,"showSkybox":false,"showFlares":true,"showImageEffects":true,"showParticleSystems":true},"in2DMode":false,"pivot":{"x":2.8948237895965578,"y":1.7396255731582642,"z":-24.36219596862793},"rotation":{"x":0.1825922578573227,"y":0.5139957070350647,"z":-0.1134195476770401,"w":0.8304245471954346},"size":56.883583068847659,"orthographic":false}