{"cameraMode":{"drawMode":0,"name":"Shaded","section":"Shading Mode"},"sceneLighting":false,"audioPlay":false,"sceneViewState":{"showFog":true,"showMaterialUpdate":false,"showSkybox":false,"showFlares":true,"showImageEffects":true,"showParticleSystems":true},"in2DMode":false,"pivot":{"x":5.930856704711914,"y":3.994871139526367,"z":4.76837158203125e-7},"rotation":{"x":0.3611932098865509,"y":0.5408149361610413,"z":-0.27600833773612978,"w":0.7077277898788452},"size":18.68389892578125,"orthographic":false}