{"cameraMode":{"drawMode":0,"name":"Shaded","section":"Shading Mode"},"sceneLighting":false,"audioPlay":false,"sceneViewState":{"showFog":true,"showMaterialUpdate":false,"showSkybox":false,"showFlares":true,"showImageEffects":true,"showParticleSystems":true},"in2DMode":false,"pivot":{"x":-0.3042699098587036,"y":2.0599608421325685,"z":-0.5046602487564087},"rotation":{"x":-0.041082799434661868,"y":0.7871246933937073,"z":-0.05273443087935448,"w":-0.6131685376167297},"size":4.377744674682617,"orthographic":true}