{"cameraMode":{"drawMode":0,"name":"Shaded","section":"Shading Mode"},"sceneLighting":false,"audioPlay":false,"sceneViewState":{"showFog":true,"showMaterialUpdate":false,"showSkybox":false,"showFlares":true,"showImageEffects":true,"showParticleSystems":true},"in2DMode":false,"pivot":{"x":0.0,"y":5.500001907348633,"z":4.76837158203125e-7},"rotation":{"x":0.16046081483364106,"y":0.19405663013458253,"z":-0.03219306841492653,"w":0.9672427177429199},"size":22.381698608398439,"orthographic":false}