{"cameraMode":{"drawMode":0,"name":"Shaded","section":"Shading Mode"},"sceneLighting":false,"audioPlay":false,"sceneViewState":{"showFog":true,"showMaterialUpdate":false,"showSkybox":false,"showFlares":true,"showImageEffects":true,"showParticleSystems":true},"in2DMode":false,"pivot":{"x":-5.996950626373291,"y":4.130617141723633,"z":-2.755140542984009},"rotation":{"x":-0.0052421484142541889,"y":-0.9876039624214172,"z":0.1532018631696701,"w":-0.03379339724779129},"size":30.05013656616211,"orthographic":false}