{"cameraMode":{"drawMode":0,"name":"Shaded","section":"Shading Mode"},"sceneLighting":true,"audioPlay":false,"sceneViewState":{"showFog":true,"showMaterialUpdate":false,"showSkybox":true,"showFlares":true,"showImageEffects":true,"showParticleSystems":true},"in2DMode":false,"pivot":{"x":-84.63441467285156,"y":32.883087158203128,"z":-141.5733642578125},"rotation":{"x":-0.003768593305721879,"y":0.9724124073982239,"z":-0.23271594941616059,"w":-0.015758726745843889},"size":135.88485717773438,"orthographic":false}