{"cameraMode":{"drawMode":0,"name":"Shaded","section":"Shading Mode"},"sceneLighting":false,"audioPlay":false,"sceneViewState":{"showFog":true,"showMaterialUpdate":false,"showSkybox":false,"showFlares":true,"showImageEffects":true,"showParticleSystems":true},"in2DMode":false,"pivot":{"x":-4.314006805419922,"y":-4.404202938079834,"z":-15.28530502319336},"rotation":{"x":0.012425538152456284,"y":-0.9874885082244873,"z":0.11756812036037445,"w":0.10436446219682694},"size":22.86569595336914,"orthographic":false}