{"cameraMode":{"drawMode":0,"name":"Shaded","section":"Shading Mode"},"sceneLighting":false,"audioPlay":false,"sceneViewState":{"showFog":true,"showMaterialUpdate":false,"showSkybox":false,"showFlares":true,"showImageEffects":true,"showParticleSystems":true},"in2DMode":false,"pivot":{"x":-1.198866605758667,"y":-4.280065059661865,"z":0.8776071071624756},"rotation":{"x":0.3407421410083771,"y":-0.07603659480810166,"z":0.02766057848930359,"w":0.9366694092750549},"size":13.908744812011719,"orthographic":true}