{"cameraMode":{"drawMode":0,"name":"Shaded","section":"Shading Mode"},"sceneLighting":true,"audioPlay":false,"sceneViewState":{"showFog":true,"showMaterialUpdate":false,"showSkybox":true,"showFlares":true,"showImageEffects":true,"showParticleSystems":true},"in2DMode":false,"pivot":{"x":96.67958068847656,"y":-6.825736045837402,"z":83.33830261230469},"rotation":{"x":0.4112132787704468,"y":-0.02050722949206829,"z":0.009253918193280697,"w":0.9112623333930969},"size":105.73551940917969,"orthographic":false}