{"cameraMode":{"drawMode":0,"name":"Shaded","section":"Shading Mode"},"sceneLighting":false,"audioPlay":false,"sceneViewState":{"showFog":true,"showMaterialUpdate":false,"showSkybox":false,"showFlares":true,"showImageEffects":true,"showParticleSystems":true},"in2DMode":false,"pivot":{"x":0.0,"y":5.999999046325684,"z":-17.029998779296876},"rotation":{"x":0.3216543197631836,"y":-0.03057585470378399,"z":0.010039075277745724,"w":0.9463102221488953},"size":74.98367309570313,"orthographic":false}