{"cameraMode":{"drawMode":0,"name":"Shaded","section":"Shading Mode"},"sceneLighting":true,"audioPlay":false,"sceneViewState":{"showFog":true,"showMaterialUpdate":false,"showSkybox":true,"showFlares":true,"showImageEffects":true,"showParticleSystems":true},"in2DMode":false,"pivot":{"x":109.84916687011719,"y":1.1689103841781617,"z":64.8955078125},"rotation":{"x":0.12054409086704254,"y":0.031265292316675189,"z":-0.003798173973336816,"w":0.9922094345092773},"size":13.529090881347657,"orthographic":false}