{"cameraMode":{"drawMode":0,"name":"Shaded","section":"Shading Mode"},"sceneLighting":false,"audioPlay":false,"sceneViewState":{"showFog":true,"showMaterialUpdate":false,"showSkybox":false,"showFlares":true,"showImageEffects":true,"showParticleSystems":true},"in2DMode":false,"pivot":{"x":24.521982192993165,"y":4.052846908569336,"z":21.77734375},"rotation":{"x":0.075057253241539,"y":0.501901388168335,"z":-0.043775927275419238,"w":0.8605495691299439},"size":14.248711585998536,"orthographic":true}