{"cameraMode":{"drawMode":0,"name":"Shaded","section":"Shading Mode"},"sceneLighting":false,"audioPlay":false,"sceneViewState":{"showFog":true,"showMaterialUpdate":false,"showSkybox":false,"showFlares":true,"showImageEffects":true,"showParticleSystems":true},"in2DMode":false,"pivot":{"x":2.8533453941345217,"y":4.318134307861328,"z":-2.1713132858276369},"rotation":{"x":0.11283732950687409,"y":0.07444853335618973,"z":-0.0084786806255579,"w":0.9907847046852112},"size":19.48506736755371,"orthographic":true}