{"cameraMode":{"drawMode":0,"name":"Shaded","section":"Shading Mode"},"sceneLighting":true,"audioPlay":false,"sceneViewState":{"showFog":true,"showMaterialUpdate":false,"showSkybox":true,"showFlares":true,"showImageEffects":true,"showParticleSystems":true},"in2DMode":false,"pivot":{"x":92.82749938964844,"y":-7.313301086425781,"z":104.29156494140625},"rotation":{"x":0.3112103044986725,"y":-0.06199515610933304,"z":0.01999644748866558,"w":0.9481058716773987},"size":69.69414520263672,"orthographic":false}