{"cameraMode":{"drawMode":0,"name":"Shaded","section":"Shading Mode"},"sceneLighting":false,"audioPlay":false,"sceneViewState":{"showFog":true,"showMaterialUpdate":false,"showSkybox":false,"showFlares":true,"showImageEffects":true,"showParticleSystems":true},"in2DMode":false,"pivot":{"x":-3.051137924194336,"y":1.3902289867401124,"z":-0.2062487155199051},"rotation":{"x":0.16838714480400086,"y":0.8033072352409363,"z":-0.26817071437835696,"w":0.5044136643409729},"size":3.203399658203125,"orthographic":true}