{"cameraMode":{"drawMode":0,"name":"Shaded","section":"Shading Mode"},"sceneLighting":false,"audioPlay":false,"sceneViewState":{"showFog":true,"showMaterialUpdate":false,"showSkybox":false,"showFlares":true,"showImageEffects":true,"showParticleSystems":true},"in2DMode":false,"pivot":{"x":27.115856170654298,"y":3.5000011920928957,"z":17.520000457763673},"rotation":{"x":0.12054409086704254,"y":0.031265292316675189,"z":-0.003798173973336816,"w":0.9922094345092773},"size":18.674327850341798,"orthographic":false}