{"cameraMode":{"drawMode":0,"name":"Shaded","section":"Shading Mode"},"sceneLighting":false,"audioPlay":false,"sceneViewState":{"showFog":true,"showMaterialUpdate":false,"showSkybox":false,"showFlares":true,"showImageEffects":true,"showParticleSystems":true},"in2DMode":false,"pivot":{"x":11.838586807250977,"y":7.058979034423828,"z":0.6418018937110901},"rotation":{"x":-0.0185992494225502,"y":0.013497275300323964,"z":0.00025110977003350854,"w":0.9997367858886719},"size":32.24678039550781,"orthographic":false}