{"cameraMode":{"drawMode":0,"name":"Shaded","section":"Shading Mode"},"sceneLighting":false,"audioPlay":false,"sceneViewState":{"showFog":true,"showMaterialUpdate":false,"showSkybox":false,"showFlares":true,"showImageEffects":true,"showParticleSystems":true},"in2DMode":false,"pivot":{"x":-5.226837158203125,"y":-4.533393383026123,"z":-0.12993767857551576},"rotation":{"x":0.25897014141082766,"y":0.09975194931030274,"z":-0.026899445801973344,"w":0.9603450894355774},"size":44.68949890136719,"orthographic":false}