{"cameraMode":{"drawMode":0,"name":"Shaded","section":"Shading Mode"},"sceneLighting":false,"audioPlay":false,"sceneViewState":{"showFog":true,"showMaterialUpdate":false,"showSkybox":false,"showFlares":true,"showImageEffects":true,"showParticleSystems":true},"in2DMode":false,"pivot":{"x":118.20166015625,"y":4.1747026443481449,"z":98.87256622314453},"rotation":{"x":0.13208311796188355,"y":0.2969287931919098,"z":-0.04151000827550888,"w":0.9448100924491882},"size":23.700510025024415,"orthographic":false}