{"cameraMode":{"drawMode":0,"name":"Shaded","section":"Shading Mode"},"sceneLighting":true,"audioPlay":false,"sceneViewState":{"showFog":true,"showMaterialUpdate":false,"showSkybox":true,"showFlares":true,"showImageEffects":true,"showParticleSystems":true},"in2DMode":false,"pivot":{"x":114.89759826660156,"y":4.392391681671143,"z":62.61534118652344},"rotation":{"x":0.024456536397337915,"y":0.9624505639076233,"z":-0.09268020838499069,"w":0.253972589969635},"size":14.554672241210938,"orthographic":false}