{"cameraMode":{"drawMode":0,"name":"Shaded","section":"Shading Mode"},"sceneLighting":true,"audioPlay":false,"sceneViewState":{"showFog":true,"showMaterialUpdate":false,"showSkybox":true,"showFlares":true,"showImageEffects":true,"showParticleSystems":true},"in2DMode":false,"pivot":{"x":234.99037170410157,"y":-119.99887084960938,"z":-27.274757385253908},"rotation":{"x":-0.1261519342660904,"y":-0.8735883831977844,"z":0.3207649290561676,"w":-0.34356871247291567},"size":239.88665771484376,"orthographic":false}